<?xml version="1.0" encoding="UTF-8"?>
<!DOCTYPE struts PUBLIC
    "-//Apache Software Foundation//DTD Struts Configuration 2.1.7//EN"
    "http://struts.apache.org/dtds/struts-2.1.7.dtd">
    
<struts>
	<package name="default" extends="struts-default">
		<action name="processbilling" class="meralco.model.Customer">
			<result name="success">/displaybilling.jsp</result>
			<result name="error">/error.jsp</result>
			<result name="input">/index.jsp</result>
		</action>
	</package>
</struts>